SET REFERENTIAL_INTEGRITY FALSE;

INSERT INTO OFFENDER (OFFENDER_PK, LIMITED_ACCESS_OFFENDER, PNC, CMS_PROB_NUMBER, CMS_PRIS_NUMBER, LEGACY_CMS_PROB_NUMBER, CRO_NUMBER, PRISON_NUMBER, MERGE_PNC_NUMBER, FAMILY_NAME, FORENAME_1, FORENAME_2, FORENAME_3, RISK_TO_OTHERS_ELM, RISK_TO_SELF_ELM, PRIMARY_LOCATION_AREA, CREATE_USER, LASTUPD_USER)
VALUES (1234, 'Y', 'PNC', 'CRN', 'NOMIS', 'LEGACuYCMS', 'CRO', 'BOOKIN', 'MPNC', 'Offender', 'Mike', 'Tom', 'Steve', 'Y', 'N', 'ANY', 'ANY', 'ANY')
;

INSERT INTO OASYS_ASSESSMENT_GROUP (OASYS_ASSESSMENT_GROUP_PK, OFFENDER_PK, ASSESSMENT_DATE_CLOSED, HISTORIC_STATUS_ELM, CREATE_DATE, CREATE_USER, LASTUPD_USER)
VALUES (767461, 1234, null, 'CURRENT', TO_DATE('2018-10-16 10:16:36', 'YYYY-MM-DD HH24:MI:SS'), 'PROBATION1', 'SYS')
;

-- Main assessment
INSERT INTO OASYS_SET (OASYS_SET_PK, ASSESSMENT_VOIDED_DATE, ASSESSOR_NAME, OASYS_SCORING_ALG_VERSION, CREATE_DATE, DATE_COMPLETED, ASSESSMENT_TYPE_ELM, ASSESSMENT_STATUS_ELM, OASYS_ASSESSMENT_GROUP_PK, REF_ASS_VERSION_CODE, VERSION_NUMBER, ASSESSMENT_STATUS_CAT, CREATE_USER, LASTUPD_USER, PARENT_OASYS_SET_PK, PURPOSE_ASSESSMENT_ELM)
VALUES (9487347, NULL, 'Probation 1', 1, TIMESTAMP '2021-03-22 13:21:35.000000', NULL, 'LAYER_3', 'OPEN', 767461, 'LAYER3', 1, 'ASSESSMENT_STATUS', 'Probation1', 'Probation1', null, '620'),
       (9487350, NULL, 'Probation 1', 1, TIMESTAMP '2021-03-22 13:21:35.000000', NULL, 'LAYER_1', 'OPEN', 767461, 'LAYER1', 2, 'ASSESSMENT_STATUS', 'Probation1', 'Probation1', null, '600')
;

INSERT INTO OASYS_SECTION (OASYS_SECTION_PK, OASYS_SET_PK, REF_ASS_VERSION_CODE, VERSION_NUMBER, REF_SECTION_CODE, SECTION_STATUS_ELM, SECTION_STATUS_CAT, MISSING_NOTIONAL_ELM, MISSING_NOTIONAL_CAT, SECT_OGP_WEIGHTED_SCORE, SECT_OVP_WEIGHTED_SCORE, SECT_OTHER_WEIGHTED_SCORE, SECT_OVP_RAW_SCORE, SECT_OGP_RAW_SCORE, SECT_OTHER_RAW_SCORE, LOW_SCORE_NEED_ATTN_IND, QA_REVIEW_PK, CURRENTLY_HIDDEN_IND, SECTION_PAGE_VISIBILITY, MIG_GUID, MIG_ID, CHECKSUM, CREATE_DATE, LASTUPD_DATE, CREATE_USER, LASTUPD_USER, OASYS_BCS_PART_PK) 
VALUES (8357420, 9487347, 'LAYER3', '1', 'ROSH', 'INCOMPLETE', 'SECTION_STATUS', NULL, NULL, NULL, NULL, NULL, NULL, NULL, NULL, NULL, NULL, 'N', 0, NULL, NULL, 'D0EC0C6B078688D07AF9ED6A8D972D8B', TIMESTAMP '2021-03-22 13:21:37.000000', TIMESTAMP '2021-03-22 13:21:37.000000', 'Probation1', 'Probation1', NULL), 
(8357421, 9487347, 'LAYER3', '1', 'ROSHSUM', 'INCOMPLETE', 'SECTION_STATUS', NULL, NULL, NULL, NULL, NULL, NULL, NULL, NULL, NULL, NULL, 'N', 0, NULL, NULL, '1658C755628DDBC157E896280AA0727F', TIMESTAMP '2021-03-22 13:21:37.000000', TIMESTAMP '2021-03-22 13:21:37.000000', 'Probation1', 'Probation1', NULL),
(8357422, 9487347, 'LAYER3', '1', 'ROSHFULL', 'INCOMPLETE', 'SECTION_STATUS', NULL, NULL, NULL, NULL, NULL, NULL, NULL, NULL, NULL, NULL, 'N', 0, NULL, NULL, '1658C755628DDBC157E896280AA0727F', TIMESTAMP '2021-03-22 13:21:37.000000', TIMESTAMP '2021-03-22 13:21:37.000000', 'Probation1', 'Probation1', NULL),
(8357424, 9487350, 'LAYER1', '1', 'RSR', 'INCOMPLETE', 'SECTION_STATUS', NULL, NULL, NULL, NULL, NULL, NULL, NULL, NULL, NULL, NULL, 'N', 0, NULL, NULL, '1658C755628DDBC157E896280AA0727O', TIMESTAMP '2021-03-22 13:21:37.000000', TIMESTAMP '2021-03-22 13:21:37.000000', 'Probation1', 'Probation1', NULL)
;

INSERT INTO OASYS_QUESTION (OASYS_QUESTION_PK, ADDITIONAL_NOTE, OASYS_SECTION_PK, FREE_FORMAT_ANSWER, DISPLAY_SCORE, REF_ASS_VERSION_CODE, VERSION_NUMBER, REF_SECTION_CODE, REF_QUESTION_CODE, DISCLOSED_IND, CURRENTLY_HIDDEN_IND, MIG_GUID, MIG_ID, CHECKSUM, CREATE_DATE, CREATE_USER, LASTUPD_DATE, LASTUPD_USER) 
VALUES
(7716247, NULL, 8357420, NULL, NULL, 'LAYER3', '1', 'ROSH', 'R1.2.13.1_V2', 'N', 'N', NULL, NULL, '49A0CE3E74262E407A89E275195004B0', TIMESTAMP '2021-03-22 13:21:37.000000', 'Probation1', TIMESTAMP '2021-03-22 13:21:37.000000', 'Probation1'), 
(7716248, NULL, 8357420, NULL, NULL, 'LAYER3', '1', 'ROSH', 'R1.2.3.1_V2', 'N', 'N', NULL, NULL, '9DC9E7C7055582285654B8E92B5CC435', TIMESTAMP '2021-03-22 13:21:37.000000', 'Probation1', TIMESTAMP '2021-03-22 13:21:37.000000', 'Probation1'), 
(7716249, NULL, 8357420, NULL, NULL, 'LAYER3', '1', 'ROSH', 'R1.2.3.2_V2', 'N', 'N', NULL, NULL, 'B2C0679CF3464B42036F7490A18E9082', TIMESTAMP '2021-03-22 13:21:37.000000', 'Probation1', TIMESTAMP '2021-03-22 13:21:37.000000', 'Probation1'), 
(7716250, NULL, 8357420, NULL, NULL, 'LAYER3', '1', 'ROSH', 'R1.2.5.1_V2', 'N', 'N', NULL, NULL, '53F76EB1EE781BD562C38405D521C1C9', TIMESTAMP '2021-03-22 13:21:37.000000', 'Probation1', TIMESTAMP '2021-03-22 13:21:37.000000', 'Probation1'), 
(7716251, NULL, 8357420, NULL, NULL, 'LAYER3', '1', 'ROSH', 'R1.2.9.2_V2', 'N', 'N', NULL, NULL, '49486EE55E8F1E779808F491764F36B8', TIMESTAMP '2021-03-22 13:21:37.000000', 'Probation1', TIMESTAMP '2021-03-22 13:21:37.000000', 'Probation1'), 
(7716252, NULL, 8357420, NULL, NULL, 'LAYER3', '1', 'ROSH', 'R1.2.6.2_V2', 'N', 'N', NULL, NULL, 'BDD95442F8E3771F5F90DDD105532660', TIMESTAMP '2021-03-22 13:21:37.000000', 'Probation1', TIMESTAMP '2021-03-22 13:21:37.000000', 'Probation1'), 
(7716253, NULL, 8357420, NULL, NULL, 'LAYER3', '1', 'ROSH', 'R1.2.8.2_V2', 'N', 'N', NULL, NULL, '5097DF8FAE9BEE50E1B2767D7886643C', TIMESTAMP '2021-03-22 13:21:37.000000', 'Probation1', TIMESTAMP '2021-03-22 13:21:37.000000', 'Probation1'), 
(7716254, NULL, 8357420, NULL, NULL, 'LAYER3', '1', 'ROSH', 'R1.2.11.1_V2', 'N', 'N', NULL, NULL, 'BE9C9B023B78F2DF7D6D68F2A0824BA0', TIMESTAMP '2021-03-22 13:21:37.000000', 'Probation1', TIMESTAMP '2021-03-22 13:21:37.000000', 'Probation1'), 
(7716255, NULL, 8357420, NULL, NULL, 'LAYER3', '1', 'ROSH', 'R1.2.2.2_V2', 'N', 'N', NULL, NULL, 'B87D27A9E391BE86469FE7A6C5148217', TIMESTAMP '2021-03-22 13:21:37.000000', 'Probation1', TIMESTAMP '2021-03-22 13:21:37.000000', 'Probation1'), 
(7716256, NULL, 8357420, NULL, NULL, 'LAYER3', '1', 'ROSH', 'R1.2.5.2_V2', 'N', 'N', NULL, NULL, '104BEF9CAF96BC3D545889CFBF6CADA6', TIMESTAMP '2021-03-22 13:21:37.000000', 'Probation1', TIMESTAMP '2021-03-22 13:21:37.000000', 'Probation1'), 
(7716257, NULL, 8357420, NULL, NULL, 'LAYER3', '1', 'ROSH', 'R1.2.8.1_V2', 'N', 'N', NULL, NULL, '6CD69F07307A168765B2AF447E9FA94C', TIMESTAMP '2021-03-22 13:21:37.000000', 'Probation1', TIMESTAMP '2021-03-22 13:21:37.000000', 'Probation1'), 
(7716258, NULL, 8357420, NULL, NULL, 'LAYER3', '1', 'ROSH', 'R1.2.1.1_V2', 'N', 'N', NULL, NULL, '39452B69A79605A79F254D2A05822BB8', TIMESTAMP '2021-03-22 13:21:37.000000', 'Probation1', TIMESTAMP '2021-03-22 13:21:37.000000', 'Probation1'), 
(7716259, NULL, 8357420, NULL, NULL, 'LAYER3', '1', 'ROSH', 'R1.2.6.1_V2', 'N', 'N', NULL, NULL, 'E905AEAF54E1CDAF2080486A10451EA8', TIMESTAMP '2021-03-22 13:21:37.000000', 'Probation1', TIMESTAMP '2021-03-22 13:21:37.000000', 'Probation1'), 
(7716260, NULL, 8357420, NULL, NULL, 'LAYER3', '1', 'ROSH', 'R1.2.12.2_V2', 'N', 'N', NULL, NULL, 'BD6682195058B2D93449FC89DD29BE9A', TIMESTAMP '2021-03-22 13:21:37.000000', 'Probation1', TIMESTAMP '2021-03-22 13:21:37.000000', 'Probation1'), 
(7716261, NULL, 8357420, NULL, NULL, 'LAYER3', '1', 'ROSH', 'R1.2.11.2_V2', 'N', 'N', NULL, NULL, '1E32D9535821DB8E989800029B60D1FC', TIMESTAMP '2021-03-22 13:21:37.000000', 'Probation1', TIMESTAMP '2021-03-22 13:21:37.000000', 'Probation1'), 
(7716262, NULL, 8357420, NULL, NULL, 'LAYER3', '1', 'ROSH', 'R1.2.2.1_V2', 'N', 'N', NULL, NULL, 'AB4585440571DD8B87699D5DB98057AA', TIMESTAMP '2021-03-22 13:21:37.000000', 'Probation1', TIMESTAMP '2021-03-22 13:21:37.000000', 'Probation1'), 
(7716263, NULL, 8357420, NULL, NULL, 'LAYER3', '1', 'ROSH', 'R1.2.1.2_V2', 'N', 'N', NULL, NULL, '9ED2C1FDD1087EC83D9D3062FCD38912', TIMESTAMP '2021-03-22 13:21:37.000000', 'Probation1', TIMESTAMP '2021-03-22 13:21:37.000000', 'Probation1'), 
(7716264, NULL, 8357420, NULL, NULL, 'LAYER3', '1', 'ROSH', 'R1.2.7.2_V2', 'N', 'N', NULL, NULL, '0D3923074AC66ADE3B834D5462C002E6', TIMESTAMP '2021-03-22 13:21:37.000000', 'Probation1', TIMESTAMP '2021-03-22 13:21:37.000000', 'Probation1'), 
(7716265, NULL, 8357420, NULL, NULL, 'LAYER3', '1', 'ROSH', 'R1.2.9.1_V2', 'N', 'N', NULL, NULL, 'E46D423CA8A641159D228CC4EC31BB75', TIMESTAMP '2021-03-22 13:21:37.000000', 'Probation1', TIMESTAMP '2021-03-22 13:21:37.000000', 'Probation1'), 
(7716266, NULL, 8357420, NULL, NULL, 'LAYER3', '1', 'ROSH', 'R1.2.4.2_V2', 'N', 'N', NULL, NULL, '8486A699D448B6B21CC2431A09A0D67C', TIMESTAMP '2021-03-22 13:21:37.000000', 'Probation1', TIMESTAMP '2021-03-22 13:21:37.000000', 'Probation1'), 
(7716267, NULL, 8357420, NULL, NULL, 'LAYER3', '1', 'ROSH', 'R1.3.3.2', 'N', 'N', NULL, NULL, 'FEE79E53C5194784F4DB264DE5D90996', TIMESTAMP '2021-03-22 13:21:37.000000', 'Probation1', TIMESTAMP '2021-03-22 13:21:37.000000', 'Probation1'), 
(7716268, NULL, 8357420, NULL, NULL, 'LAYER3', '1', 'ROSH', 'R1.3.2.2', 'N', 'N', NULL, NULL, '559B1FC13C07B459ED164D34AFA37E47', TIMESTAMP '2021-03-22 13:21:37.000000', 'Probation1', TIMESTAMP '2021-03-22 13:21:37.000000', 'Probation1'), 
(7716269, NULL, 8357420, NULL, NULL, 'LAYER3', '1', 'ROSH', 'R1.3.13.2', 'N', 'N', NULL, NULL, 'CAED46B6C4069F4CA30ABBF7AD0E3B0D', TIMESTAMP '2021-03-22 13:21:37.000000', 'Probation1', TIMESTAMP '2021-03-22 13:21:37.000000', 'Probation1'), 
(7716227, NULL, 8357420, NULL, NULL, 'LAYER3', '1', 'ROSH', 'R2.1', 'N', 'N', NULL, NULL, '51EBD3BEA30700916A94A5192437273C', TIMESTAMP '2021-03-22 13:21:37.000000', 'Probation1', TIMESTAMP '2021-03-22 13:21:37.000000', 'Probation1'), 
(7716228, NULL, 8357420, NULL, NULL, 'LAYER3', '1', 'ROSH', 'R2.2', 'N', 'N', NULL, NULL, '801BFC75F607CC5DE23CAD7A4B710CBB', TIMESTAMP '2021-03-22 13:21:37.000000', 'Probation1', TIMESTAMP '2021-03-22 13:21:37.000000', 'Probation1'), 
(7716229, NULL, 8357420, NULL, NULL, 'LAYER3', '1', 'ROSH', 'R3.1', 'N', 'N', NULL, NULL, 'C558EDFB92B2556527CBE05BC54BB229', TIMESTAMP '2021-03-22 13:21:37.000000', 'Probation1', TIMESTAMP '2021-03-22 13:21:37.000000', 'Probation1'), 
(7716230, NULL, 8357420, NULL, NULL, 'LAYER3', '1', 'ROSH', 'R3.2', 'N', 'N', NULL, NULL, 'E990125AB8909048C48D3BDA2DAF54E5', TIMESTAMP '2021-03-22 13:21:37.000000', 'Probation1', TIMESTAMP '2021-03-22 13:21:37.000000', 'Probation1'), 
(7716231, NULL, 8357420, NULL, NULL, 'LAYER3', '1', 'ROSH', 'R3.3', 'N', 'N', NULL, NULL, 'C68F0D45E7E991DC536066B3366385E8', TIMESTAMP '2021-03-22 13:21:37.000000', 'Probation1', TIMESTAMP '2021-03-22 13:21:37.000000', 'Probation1'), 
(7716232, NULL, 8357420, NULL, NULL, 'LAYER3', '1', 'ROSH', 'R3.4', 'N', 'N', NULL, NULL, 'F7BDABBBDB7E23FA45BDC038D090868D', TIMESTAMP '2021-03-22 13:21:37.000000', 'Probation1', TIMESTAMP '2021-03-22 13:21:37.000000', 'Probation1'), 
(7716233, NULL, 8357420, NULL, NULL, 'LAYER3', '1', 'ROSH', 'R4.1', 'N', 'N', NULL, NULL, '6128535AA13DBA0C445293A05E859ACB', TIMESTAMP '2021-03-22 13:21:37.000000', 'Probation1', TIMESTAMP '2021-03-22 13:21:37.000000', 'Probation1'), 
(7716234, NULL, 8357420, NULL, NULL, 'LAYER3', '1', 'ROSH', 'R4.2', 'N', 'N', NULL, NULL, 'E039DA28E84343896D02AEDB4BF9F69C', TIMESTAMP '2021-03-22 13:21:37.000000', 'Probation1', TIMESTAMP '2021-03-22 13:21:37.000000', 'Probation1'), 
(7716235, NULL, 8357420, NULL, NULL, 'LAYER3', '1', 'ROSH', 'R4.3', 'N', 'N', NULL, NULL, 'B33D6B25C5D7E9A0D2CBC295430F96CF', TIMESTAMP '2021-03-22 13:21:37.000000', 'Probation1', TIMESTAMP '2021-03-22 13:21:37.000000', 'Probation1'), 
(7716236, NULL, 8357420, NULL, NULL, 'LAYER3', '1', 'ROSH', 'R4.4', 'N', 'N', NULL, NULL, '63767E32A0B31ACC2F825F9993CE432F', TIMESTAMP '2021-03-22 13:21:37.000000', 'Probation1', TIMESTAMP '2021-03-22 13:21:37.000000', 'Probation1'), 
(7716237, NULL, 8357420, NULL, NULL, 'LAYER3', '1', 'ROSH', 'R1.3.19.1', 'N', 'N', NULL, NULL, 'D0ECEBB88231F0E6AF8BB310B8881521', TIMESTAMP '2021-03-22 13:21:37.000000', 'Probation1', TIMESTAMP '2021-03-22 13:21:37.000000', 'Probation1'), 
(7716238, NULL, 8357420, NULL, NULL, 'LAYER3', '1', 'ROSH', 'R5.1', 'N', 'N', NULL, NULL, '8DAD01291B13E5ACE32F1FE3AA87EC2A', TIMESTAMP '2021-03-22 13:21:37.000000', 'Probation1', TIMESTAMP '2021-03-22 13:21:37.000000', 'Probation1'), 
(7716239, NULL, 8357420, NULL, NULL, 'LAYER3', '1', 'ROSH', 'R1.2.10.2_V2', 'N', 'N', NULL, NULL, '39B5038F5C6D142713B3A76C71B71A3F', TIMESTAMP '2021-03-22 13:21:37.000000', 'Probation1', TIMESTAMP '2021-03-22 13:21:37.000000', 'Probation1'), 
(7716240, NULL, 8357420, NULL, NULL, 'LAYER3', '1', 'ROSH', 'R1.2.10.1_V2', 'N', 'N', NULL, NULL, '1FE8B70A69495D9B6AA6D7F2FC098590', TIMESTAMP '2021-03-22 13:21:37.000000', 'Probation1', TIMESTAMP '2021-03-22 13:21:37.000000', 'Probation1'), 
(7716241, NULL, 8357420, NULL, NULL, 'LAYER3', '1', 'ROSH', 'R1.2.12.1_V2', 'N', 'N', NULL, NULL, '860755A28B31B577CBB69A04247510F2', TIMESTAMP '2021-03-22 13:21:37.000000', 'Probation1', TIMESTAMP '2021-03-22 13:21:37.000000', 'Probation1'), 
(7716242, NULL, 8357420, NULL, NULL, 'LAYER3', '1', 'ROSH', 'R1.2.7.1_V2', 'N', 'N', NULL, NULL, '94DD03A4E3B794214A96C25000BE8929', TIMESTAMP '2021-03-22 13:21:37.000000', 'Probation1', TIMESTAMP '2021-03-22 13:21:37.000000', 'Probation1'), 
(7716243, NULL, 8357420, NULL, NULL, 'LAYER3', '1', 'ROSH', 'R1.2.14.1_V2', 'N', 'N', NULL, NULL, 'B04E328AE355DD67803C3223CC0B134D', TIMESTAMP '2021-03-22 13:21:37.000000', 'Probation1', TIMESTAMP '2021-03-22 13:21:37.000000', 'Probation1'), 
(7716244, NULL, 8357420, NULL, NULL, 'LAYER3', '1', 'ROSH', 'R1.2.4.1_V2', 'N', 'N', NULL, NULL, '2DE7B876A02CBA851E022D0137CA3B48', TIMESTAMP '2021-03-22 13:21:37.000000', 'Probation1', TIMESTAMP '2021-03-22 13:21:37.000000', 'Probation1'), 
(7716245, NULL, 8357420, NULL, NULL, 'LAYER3', '1', 'ROSH', 'R1.2.14.2_V2', 'N', 'N', NULL, NULL, 'D16D59D2CB4BA52D8CA6225DA38BC9BB', TIMESTAMP '2021-03-22 13:21:37.000000', 'Probation1', TIMESTAMP '2021-03-22 13:21:37.000000', 'Probation1'), 
(7716246, NULL, 8357420, NULL, NULL, 'LAYER3', '1', 'ROSH', 'R1.2.13.2_V2', 'N', 'N', NULL, NULL, 'EF6889E588F3C9B0E9E7C14A1F6EF5E3', TIMESTAMP '2021-03-22 13:21:37.000000', 'Probation1', TIMESTAMP '2021-03-22 13:21:37.000000', 'Probation1'), 
(7716270, NULL, 8357422, NULL, NULL, 'LAYER3', '1', 'ROSHFULL', 'FA1', 'N', 'N', NULL, NULL, '8DDA4F00F4E65EAD46F57023C9EB4F71', TIMESTAMP '2021-03-22 13:21:37.000000', 'Probation1', TIMESTAMP '2021-03-22 13:21:37.000000', 'Probation1'),
(7716271, NULL, 8357422, NULL, NULL, 'LAYER3', '1', 'ROSHFULL', 'FA6', 'N', 'N', NULL, NULL, '8EA99B73D87A3FA2B26B80D9A72207B5', TIMESTAMP '2021-03-22 13:21:37.000000', 'Probation1', TIMESTAMP '2021-03-22 13:21:37.000000', 'Probation1'),
(7716272, NULL, 8357422, NULL, NULL, 'LAYER3', '1', 'ROSHFULL', 'FA31', 'N', 'N', NULL, NULL, 'C86AD04CAA91D0A3C7E4F67111146727', TIMESTAMP '2021-03-22 13:21:37.000000', 'Probation1', TIMESTAMP '2021-03-22 13:21:37.000000', 'Probation1'),
(7716273, NULL, 8357422, NULL, NULL, 'LAYER3', '1', 'ROSHFULL', 'FA32', 'N', 'N', NULL, NULL, '1FDCDD5529AE05CA7E3E672AE19C7EBA', TIMESTAMP '2021-03-22 13:21:37.000000', 'Probation1', TIMESTAMP '2021-03-22 13:21:37.000000', 'Probation1'),
(7716274, NULL, 8357421, NULL, NULL, 'LAYER3', '1', 'ROSHSUM', 'SUM6.1.1', 'N', 'N', NULL, NULL, '572AC198DF0F4969BB38053828D07AB9', TIMESTAMP '2021-03-22 13:21:37.000000', 'Probation1', TIMESTAMP '2021-03-22 13:21:37.000000', 'Probation1'),
(7716275, NULL, 8357421, NULL, NULL, 'LAYER3', '1', 'ROSHSUM', 'SUM6.1.2', 'N', 'N', NULL, NULL, '16301E79BA747212A8C8185D62153FA2', TIMESTAMP '2021-03-22 13:21:37.000000', 'Probation1', TIMESTAMP '2021-03-22 13:21:37.000000', 'Probation1'),
(7716276, NULL, 8357421, NULL, NULL, 'LAYER3', '1', 'ROSHSUM', 'SUM6.2.1', 'N', 'N', NULL, NULL, 'F58B4C1400C0F5E9DE2B3ED05CE2C552', TIMESTAMP '2021-03-22 13:21:37.000000', 'Probation1', TIMESTAMP '2021-03-22 13:21:37.000000', 'Probation1'),
(7716277, NULL, 8357421, NULL, NULL, 'LAYER3', '1', 'ROSHSUM', 'SUM6.2.2', 'N', 'N', NULL, NULL, '9825B79CF19BBCEE607DDFEC9441FED1', TIMESTAMP '2021-03-22 13:21:37.000000', 'Probation1', TIMESTAMP '2021-03-22 13:21:37.000000', 'Probation1'),
(7716278, NULL, 8357421, NULL, NULL, 'LAYER3', '1', 'ROSHSUM', 'SUM6.3.1', 'N', 'N', NULL, NULL, '92F1340F1D72111D75A9FEE990055365', TIMESTAMP '2021-03-22 13:21:37.000000', 'Probation1', TIMESTAMP '2021-03-22 13:21:37.000000', 'Probation1'),
(7716279, NULL, 8357421, NULL, NULL, 'LAYER3', '1', 'ROSHSUM', 'SUM6.3.2', 'N', 'N', NULL, NULL, 'F4F0282BDD935446A499E1D485ACD170', TIMESTAMP '2021-03-22 13:21:37.000000', 'Probation1', TIMESTAMP '2021-03-22 13:21:37.000000', 'Probation1'),
(7716280, NULL, 8357421, NULL, NULL, 'LAYER3', '1', 'ROSHSUM', 'SUM6.4.1', 'N', 'N', NULL, NULL, '11410841B6117961CE29A5F3C90A6D2E', TIMESTAMP '2021-03-22 13:21:37.000000', 'Probation1', TIMESTAMP '2021-03-22 13:21:37.000000', 'Probation1'),
(7716281, NULL, 8357421, NULL, NULL, 'LAYER3', '1', 'ROSHSUM', 'SUM6.4.2', 'N', 'N', NULL, NULL, '66BC1274C3732B8759A01A178713D9A9', TIMESTAMP '2021-03-22 13:21:37.000000', 'Probation1', TIMESTAMP '2021-03-22 13:21:37.000000', 'Probation1'),
(7716282, NULL, 8357421, NULL, NULL, 'LAYER3', '1', 'ROSHSUM', 'SUM6.5.2', 'N', 'N', NULL, NULL, '6D5BFCD7219C065E33522D0DC6D09DFC', TIMESTAMP '2021-03-22 13:21:37.000000', 'Probation1', TIMESTAMP '2021-03-22 13:21:37.000000', 'Probation1'),
(7716283, NULL, 8357424, NULL, NULL, 'LAYER1', '1', 'RSR', 'RA', 'N', 'N', NULL, NULL, '6D5BFCD7219C065E33522D0DC6D09DFC', TIMESTAMP '2021-03-22 13:21:37.000000', 'Probation1', TIMESTAMP '2021-03-22 13:21:37.000000', 'Probation1')
;

INSERT INTO OASYS_ANSWER (OASYS_ANSWER_PK, OASYS_QUESTION_PK, REF_ASS_VERSION_CODE, VERSION_NUMBER, REF_SECTION_CODE, REF_QUESTION_CODE, REF_ANSWER_CODE, MIG_GUID, MIG_ID, CHECKSUM, CREATE_DATE, CREATE_USER, LASTUPD_DATE, LASTUPD_USER) 
VALUES
(8005316, 7716227, 'LAYER3', '1', 'ROSH', 'R2.1', 'YES', NULL, NULL, 'A2A0EAF99E4073176415C9B071A381DA', TIMESTAMP '2021-03-22 13:21:37.000000', 'Probation1', TIMESTAMP '2021-03-22 13:21:37.000000', 'Probation1'), 
(8005317, 7716228, 'LAYER3', '1', 'ROSH', 'R2.2', 'YES', NULL, NULL, 'D4E42976E5669CD51C6A9B26B67A5D5C', TIMESTAMP '2021-03-22 13:21:37.000000', 'Probation1', TIMESTAMP '2021-03-22 13:21:37.000000', 'Probation1'), 
(8005318, 7716229, 'LAYER3', '1', 'ROSH', 'R3.1', 'YES', NULL, NULL, 'C1E7F9358FA8DF71A33739B3A5CBEAA6', TIMESTAMP '2021-03-22 13:21:37.000000', 'Probation1', TIMESTAMP '2021-03-22 13:21:37.000000', 'Probation1'), 
(8005319, 7716230, 'LAYER3', '1', 'ROSH', 'R3.2', 'YES', NULL, NULL, '85DBFFB93216B6063BB606153153BD12', TIMESTAMP '2021-03-22 13:21:37.000000', 'Probation1', TIMESTAMP '2021-03-22 13:21:37.000000', 'Probation1'), 
(8005320, 7716231, 'LAYER3', '1', 'ROSH', 'R3.3', 'YES', NULL, NULL, 'C31D859BFB8DDB52E8E3E9757A2E0172', TIMESTAMP '2021-03-22 13:21:37.000000', 'Probation1', TIMESTAMP '2021-03-22 13:21:37.000000', 'Probation1'), 
(8005321, 7716232, 'LAYER3', '1', 'ROSH', 'R3.4', 'YES', NULL, NULL, 'AA4AA7B7DE153F0D6656106C886900AE', TIMESTAMP '2021-03-22 13:21:37.000000', 'Probation1', TIMESTAMP '2021-03-22 13:21:37.000000', 'Probation1'), 
(8005322, 7716233, 'LAYER3', '1', 'ROSH', 'R4.1', 'YES', NULL, NULL, '239CAAA8119814040322648230B9EE6D', TIMESTAMP '2021-03-22 13:21:37.000000', 'Probation1', TIMESTAMP '2021-03-22 13:21:37.000000', 'Probation1'), 
(8005323, 7716234, 'LAYER3', '1', 'ROSH', 'R4.2', 'YES', NULL, NULL, '334BA4AB929E02F962F15EE9BEA696E5', TIMESTAMP '2021-03-22 13:21:37.000000', 'Probation1', TIMESTAMP '2021-03-22 13:21:37.000000', 'Probation1'), 
(8005324, 7716235, 'LAYER3', '1', 'ROSH', 'R4.3', 'YES', NULL, NULL, '12671A56F341A1024E15D93F62924851', TIMESTAMP '2021-03-22 13:21:37.000000', 'Probation1', TIMESTAMP '2021-03-22 13:21:37.000000', 'Probation1'), 
(8005325, 7716236, 'LAYER3', '1', 'ROSH', 'R4.4', 'YES', NULL, NULL, 'D78B909D2345C53F9D2FB3F58C5CE264', TIMESTAMP '2021-03-22 13:21:37.000000', 'Probation1', TIMESTAMP '2021-03-22 13:21:37.000000', 'Probation1'), 
(8005326, 7716237, 'LAYER3', '1', 'ROSH', 'R1.3.19.1', 'YES', NULL, NULL, '8AEA58C085AE24EC61564824951A50FE', TIMESTAMP '2021-03-22 13:21:37.000000', 'Probation1', TIMESTAMP '2021-03-22 13:21:37.000000', 'Probation1'), 
(8005327, 7716238, 'LAYER3', '1', 'ROSH', 'R5.1', 'NO', NULL, NULL, '59A4EC3174AA5DFA96BC87DAC5357651', TIMESTAMP '2021-03-22 13:21:37.000000', 'Probation1', TIMESTAMP '2021-03-22 13:21:37.000000', 'Probation1'), 
(8005328, 7716239, 'LAYER3', '1', 'ROSH', 'R1.2.10.2_V2', 'NO', NULL, NULL, '9F9D9AC53FF72466770692D0025DA576', TIMESTAMP '2021-03-22 13:21:37.000000', 'Probation1', TIMESTAMP '2021-03-22 13:21:37.000000', 'Probation1'), 
(8005329, 7716240, 'LAYER3', '1', 'ROSH', 'R1.2.10.1_V2', 'NO', NULL, NULL, 'E31528C46621FE1E652119D00D574614', TIMESTAMP '2021-03-22 13:21:37.000000', 'Probation1', TIMESTAMP '2021-03-22 13:21:37.000000', 'Probation1'), 
(8005330, 7716241, 'LAYER3', '1', 'ROSH', 'R1.2.12.1_V2', 'NO', NULL, NULL, 'D7B5630176155271B7CCCB3E56668CD2', TIMESTAMP '2021-03-22 13:21:37.000000', 'Probation1', TIMESTAMP '2021-03-22 13:21:37.000000', 'Probation1'), 
(8005331, 7716242, 'LAYER3', '1', 'ROSH', 'R1.2.7.1_V2', 'NO', NULL, NULL, 'D9A8E6B64C79B01ED9AD8A405957D3A4', TIMESTAMP '2021-03-22 13:21:37.000000', 'Probation1', TIMESTAMP '2021-03-22 13:21:37.000000', 'Probation1'), 
(8005332, 7716243, 'LAYER3', '1', 'ROSH', 'R1.2.14.1_V2', 'NO', NULL, NULL, 'B9C91A3BABBCCC6642C703BA9BD61D0A', TIMESTAMP '2021-03-22 13:21:37.000000', 'Probation1', TIMESTAMP '2021-03-22 13:21:37.000000', 'Probation1'), 
(8005333, 7716244, 'LAYER3', '1', 'ROSH', 'R1.2.4.1_V2', 'NO', NULL, NULL, '5175D064B483BB365267365C00BFE322', TIMESTAMP '2021-03-22 13:21:37.000000', 'Probation1', TIMESTAMP '2021-03-22 13:21:37.000000', 'Probation1'), 
(8005334, 7716245, 'LAYER3', '1', 'ROSH', 'R1.2.14.2_V2', 'NO', NULL, NULL, '94295F4C3F9E456723124539AAA610A6', TIMESTAMP '2021-03-22 13:21:37.000000', 'Probation1', TIMESTAMP '2021-03-22 13:21:37.000000', 'Probation1'), 
(8005335, 7716246, 'LAYER3', '1', 'ROSH', 'R1.2.13.2_V2', 'NO', NULL, NULL, '808348ED6198217BFF4B81BD4C70CB89', TIMESTAMP '2021-03-22 13:21:37.000000', 'Probation1', TIMESTAMP '2021-03-22 13:21:37.000000', 'Probation1'), 
(8005336, 7716247, 'LAYER3', '1', 'ROSH', 'R1.2.13.1_V2', 'NO', NULL, NULL, 'AF7D15C0061AD723F767DE619C570588', TIMESTAMP '2021-03-22 13:21:37.000000', 'Probation1', TIMESTAMP '2021-03-22 13:21:37.000000', 'Probation1'), 
(8005337, 7716248, 'LAYER3', '1', 'ROSH', 'R1.2.3.1_V2', 'NO', NULL, NULL, '4971AE39D752DF10BBE9EC02999215A6', TIMESTAMP '2021-03-22 13:21:37.000000', 'Probation1', TIMESTAMP '2021-03-22 13:21:37.000000', 'Probation1'), 
(8005338, 7716249, 'LAYER3', '1', 'ROSH', 'R1.2.3.2_V2', 'NO', NULL, NULL, 'C739A497368C20EE7A1E81F1C0ABF418', TIMESTAMP '2021-03-22 13:21:37.000000', 'Probation1', TIMESTAMP '2021-03-22 13:21:37.000000', 'Probation1'), 
(8005339, 7716250, 'LAYER3', '1', 'ROSH', 'R1.2.5.1_V2', 'NO', NULL, NULL, 'F365959777EB5C040B159605107FB17F', TIMESTAMP '2021-03-22 13:21:37.000000', 'Probation1', TIMESTAMP '2021-03-22 13:21:37.000000', 'Probation1'), 
(8005340, 7716251, 'LAYER3', '1', 'ROSH', 'R1.2.9.2_V2', 'NO', NULL, NULL, '0FDC04C19B72E7F84076A32E91A4A3FE', TIMESTAMP '2021-03-22 13:21:37.000000', 'Probation1', TIMESTAMP '2021-03-22 13:21:37.000000', 'Probation1'), 
(8005341, 7716252, 'LAYER3', '1', 'ROSH', 'R1.2.6.2_V2', 'NO', NULL, NULL, '1715B125AE9FB33ECDC7C7BA8719726E', TIMESTAMP '2021-03-22 13:21:37.000000', 'Probation1', TIMESTAMP '2021-03-22 13:21:37.000000', 'Probation1'), 
(8005342, 7716253, 'LAYER3', '1', 'ROSH', 'R1.2.8.2_V2', 'NO', NULL, NULL, 'FB10E07F779613A44A010A31141D3D19', TIMESTAMP '2021-03-22 13:21:37.000000', 'Probation1', TIMESTAMP '2021-03-22 13:21:37.000000', 'Probation1'), 
(8005343, 7716254, 'LAYER3', '1', 'ROSH', 'R1.2.11.1_V2', 'NO', NULL, NULL, '522078B4A1B69DE09B701CB34D6A1683', TIMESTAMP '2021-03-22 13:21:37.000000', 'Probation1', TIMESTAMP '2021-03-22 13:21:37.000000', 'Probation1'), 
(8005344, 7716255, 'LAYER3', '1', 'ROSH', 'R1.2.2.2_V2', 'NO', NULL, NULL, '95480FFAE9159F983878D364F2B75E83', TIMESTAMP '2021-03-22 13:21:37.000000', 'Probation1', TIMESTAMP '2021-03-22 13:21:37.000000', 'Probation1'), 
(8005345, 7716256, 'LAYER3', '1', 'ROSH', 'R1.2.5.2_V2', 'NO', NULL, NULL, 'B2FEFA1D7B994786442F7B995124362E', TIMESTAMP '2021-03-22 13:21:37.000000', 'Probation1', TIMESTAMP '2021-03-22 13:21:37.000000', 'Probation1'), 
(8005346, 7716257, 'LAYER3', '1', 'ROSH', 'R1.2.8.1_V2', 'NO', NULL, NULL, '10F60F14D1C23B8F1633E7AFA80F35A1', TIMESTAMP '2021-03-22 13:21:37.000000', 'Probation1', TIMESTAMP '2021-03-22 13:21:37.000000', 'Probation1'), 
(8005347, 7716258, 'LAYER3', '1', 'ROSH', 'R1.2.1.1_V2', 'YES', NULL, NULL, 'DA77A8A05798E6CA24E3C1F9555B45BE', TIMESTAMP '2021-03-22 13:21:37.000000', 'Probation1', TIMESTAMP '2021-03-22 13:21:37.000000', 'Probation1'), 
(8005348, 7716259, 'LAYER3', '1', 'ROSH', 'R1.2.6.1_V2', 'NO', NULL, NULL, '322D2740056891BB6A53FF15E6EF1E9E', TIMESTAMP '2021-03-22 13:21:37.000000', 'Probation1', TIMESTAMP '2021-03-22 13:21:37.000000', 'Probation1'), 
(8005349, 7716260, 'LAYER3', '1', 'ROSH', 'R1.2.12.2_V2', 'NO', NULL, NULL, 'DD201940A43F6531A60F47D0003BAEDC', TIMESTAMP '2021-03-22 13:21:37.000000', 'Probation1', TIMESTAMP '2021-03-22 13:21:37.000000', 'Probation1'), 
(8005350, 7716261, 'LAYER3', '1', 'ROSH', 'R1.2.11.2_V2', 'NO', NULL, NULL, 'EDE40656C39288BED0027FF81C9028A4', TIMESTAMP '2021-03-22 13:21:37.000000', 'Probation1', TIMESTAMP '2021-03-22 13:21:37.000000', 'Probation1'), 
(8005351, 7716262, 'LAYER3', '1', 'ROSH', 'R1.2.2.1_V2', 'YES', NULL, NULL, 'FF26F3DBFBD372601C45BA91139D72C7', TIMESTAMP '2021-03-22 13:21:37.000000', 'Probation1', TIMESTAMP '2021-03-22 13:21:37.000000', 'Probation1'), 
(8005352, 7716263, 'LAYER3', '1', 'ROSH', 'R1.2.1.2_V2', 'NO', NULL, NULL, '5F82642A9F5F382DE20024B63679AA1F', TIMESTAMP '2021-03-22 13:21:37.000000', 'Probation1', TIMESTAMP '2021-03-22 13:21:37.000000', 'Probation1'), 
(8005353, 7716264, 'LAYER3', '1', 'ROSH', 'R1.2.7.2_V2', 'NO', NULL, NULL, 'F0C95C20B3D66D9146407697B9C18D08', TIMESTAMP '2021-03-22 13:21:37.000000', 'Probation1', TIMESTAMP '2021-03-22 13:21:37.000000', 'Probation1'), 
(8005354, 7716265, 'LAYER3', '1', 'ROSH', 'R1.2.9.1_V2', 'NO', NULL, NULL, 'D0320A8D78288639AA6C86B5D26C4276', TIMESTAMP '2021-03-22 13:21:37.000000', 'Probation1', TIMESTAMP '2021-03-22 13:21:37.000000', 'Probation1'), 
(8005355, 7716266, 'LAYER3', '1', 'ROSH', 'R1.2.4.2_V2', 'NO', NULL, NULL, 'A124A70056DCE95FD1AE765605C4DB23', TIMESTAMP '2021-03-22 13:21:37.000000', 'Probation1', TIMESTAMP '2021-03-22 13:21:37.000000', 'Probation1'), 
(8005356, 7716267, 'LAYER3', '1', 'ROSH', 'R1.3.3.2', 'YES', NULL, NULL, 'EF13F789087C01256BF91D8759EF5616', TIMESTAMP '2021-03-22 13:21:37.000000', 'Probation1', TIMESTAMP '2021-03-22 13:21:37.000000', 'Probation1'), 
(8005357, 7716268, 'LAYER3', '1', 'ROSH', 'R1.3.2.2', 'YES', NULL, NULL, 'CCD71D6F992DC5D23CFE3427899400BA', TIMESTAMP '2021-03-22 13:21:37.000000', 'Probation1', TIMESTAMP '2021-03-22 13:21:37.000000', 'Probation1'), 
(8005358, 7716269, 'LAYER3', '1', 'ROSH', 'R1.3.13.2', 'YES', NULL, NULL, '07F08F0FD3B52EFCC5D40E879AAC4082', TIMESTAMP '2021-03-22 13:21:37.000000', 'Probation1', TIMESTAMP '2021-03-22 13:21:37.000000', 'Probation1'), 
(8005359, 7716272, 'LAYER3', '1', 'ROSHFULL', 'FA31', 'YES', NULL, NULL, 'D9365BDC3FC12BCEA1A77A8CDE7EEA9A', TIMESTAMP '2021-03-22 13:21:37.000000', 'Probation1', TIMESTAMP '2021-03-22 13:21:37.000000', 'Probation1'), 
(8005360, 7716273, 'LAYER3', '1', 'ROSHFULL', 'FA32', 'YES', NULL, NULL, '2D980E0BB31A4D829E0EE93D71F84B7B', TIMESTAMP '2021-03-22 13:21:37.000000', 'Probation1', TIMESTAMP '2021-03-22 13:21:37.000000', 'Probation1'), 
(8005361, 7716274, 'LAYER3', '1', 'ROSHSUM', 'SUM6.1.1', 'H', NULL, NULL, '9B3C9371E3EC67BDD5B2937ADA222E76', TIMESTAMP '2021-03-22 13:21:37.000000', 'Probation1', TIMESTAMP '2021-03-22 13:21:37.000000', 'Probation1'), 
(8005362, 7716275, 'LAYER3', '1', 'ROSHSUM', 'SUM6.1.2', 'H', NULL, NULL, '75637EDB9FCCB7A6651802019F44E35E', TIMESTAMP '2021-03-22 13:21:37.000000', 'Probation1', TIMESTAMP '2021-03-22 13:21:37.000000', 'Probation1'), 
(8005363, 7716276, 'LAYER3', '1', 'ROSHSUM', 'SUM6.2.1', 'M', NULL, NULL, '23C4B2C9D32D785CC9F6B6F49146C5F7', TIMESTAMP '2021-03-22 13:21:37.000000', 'Probation1', TIMESTAMP '2021-03-22 13:21:37.000000', 'Probation1'), 
(8005364, 7716277, 'LAYER3', '1', 'ROSHSUM', 'SUM6.2.2', 'H', NULL, NULL, 'A63076EBFEC935D7878D70B56DAB5D67', TIMESTAMP '2021-03-22 13:21:37.000000', 'Probation1', TIMESTAMP '2021-03-22 13:21:37.000000', 'Probation1'), 
(8005365, 7716278, 'LAYER3', '1', 'ROSHSUM', 'SUM6.3.1', 'M', NULL, NULL, '8ECCDA1799D2EA784445B7C0B4E3BFCD', TIMESTAMP '2021-03-22 13:21:37.000000', 'Probation1', TIMESTAMP '2021-03-22 13:21:37.000000', 'Probation1'), 
(8005366, 7716279, 'LAYER3', '1', 'ROSHSUM', 'SUM6.3.2', 'V', NULL, NULL, 'F6E1D0E3A1078C20AA99FD25862AA289', TIMESTAMP '2021-03-22 13:21:37.000000', 'Probation1', TIMESTAMP '2021-03-22 13:21:37.000000', 'Probation1'), 
(8005367, 7716280, 'LAYER3', '1', 'ROSHSUM', 'SUM6.4.1', 'M', NULL, NULL, '755805C92CA01FC7A1EBE2CA42555BBB', TIMESTAMP '2021-03-22 13:21:37.000000', 'Probation1', TIMESTAMP '2021-03-22 13:21:37.000000', 'Probation1'), 
(8005368, 7716281, 'LAYER3', '1', 'ROSHSUM', 'SUM6.4.2', 'H', NULL, NULL, '3FE2A7F8B83D6085D34572C93F1FF0AE', TIMESTAMP '2021-03-22 13:21:37.000000', 'Probation1', TIMESTAMP '2021-03-22 13:21:37.000000', 'Probation1'), 
(8005369, 7716282, 'LAYER3', '1', 'ROSHSUM', 'SUM6.5.2', 'V', NULL, NULL, 'B896F825C21D6F750DFF367C288DA959', TIMESTAMP '2021-03-22 13:21:37.000000', 'Probation1', TIMESTAMP '2021-03-22 13:21:37.000000', 'Probation1'),
(8005370, 7716283, 'LAYER1', '2', 'RSR', 'RA', 'NO', NULL, NULL, 'B896F825C21D6F750DFF367C288DA959', TIMESTAMP '2021-03-22 13:21:37.000000', 'Probation1', TIMESTAMP '2021-03-22 13:21:37.000000', 'Probation1')
;

-- SARA assessment --

INSERT INTO OASYS_SET (OASYS_SET_PK, ASSESSMENT_VOIDED_DATE, ASSESSOR_NAME, OASYS_SCORING_ALG_VERSION, CREATE_DATE, DATE_COMPLETED, ASSESSMENT_TYPE_ELM, ASSESSMENT_STATUS_ELM, OASYS_ASSESSMENT_GROUP_PK, REF_ASS_VERSION_CODE, VERSION_NUMBER, ASSESSMENT_STATUS_CAT, CREATE_USER, LASTUPD_USER, PARENT_OASYS_SET_PK)
VALUES (9487348, NULL, 'Sara 1', 1, TIMESTAMP '2021-03-22 13:21:35.000000', NULL, 'SARA', 'OPEN', 767461, 'SARA', 1, 'ASSESSMENT_STATUS', 'Probation1', 'Probation1', 9487347)
;

INSERT INTO OASYS_SECTION (OASYS_SECTION_PK, OASYS_SET_PK, REF_ASS_VERSION_CODE, VERSION_NUMBER, REF_SECTION_CODE, SECTION_STATUS_ELM, SECTION_STATUS_CAT, MISSING_NOTIONAL_ELM, MISSING_NOTIONAL_CAT, SECT_OGP_WEIGHTED_SCORE, SECT_OVP_WEIGHTED_SCORE, SECT_OTHER_WEIGHTED_SCORE, SECT_OVP_RAW_SCORE, SECT_OGP_RAW_SCORE, SECT_OTHER_RAW_SCORE, LOW_SCORE_NEED_ATTN_IND, QA_REVIEW_PK, CURRENTLY_HIDDEN_IND, SECTION_PAGE_VISIBILITY, MIG_GUID, MIG_ID, CHECKSUM, CREATE_DATE, LASTUPD_DATE, CREATE_USER, LASTUPD_USER, OASYS_BCS_PART_PK)
VALUES
(8357423, 9487348, 'SARA', '1', 'SARA', 'INCOMPLETE', 'SECTION_STATUS', NULL, NULL, NULL, NULL, NULL, NULL, NULL, NULL, NULL, NULL, 'N', 0, NULL, NULL, '1DEADE32BA17C4520097ACC166B6B5DC', TIMESTAMP '2021-03-22 13:25:02.000000', TIMESTAMP '2021-03-22 13:25:02.000000', 'Probation1', 'Probation1', NULL)
;

INSERT INTO OASYS_QUESTION (OASYS_QUESTION_PK, ADDITIONAL_NOTE, OASYS_SECTION_PK, FREE_FORMAT_ANSWER, DISPLAY_SCORE, REF_ASS_VERSION_CODE, VERSION_NUMBER, REF_SECTION_CODE, REF_QUESTION_CODE, DISCLOSED_IND, CURRENTLY_HIDDEN_IND, MIG_GUID, MIG_ID, CHECKSUM, CREATE_DATE, CREATE_USER, LASTUPD_DATE, LASTUPD_USER)
VALUES
(7716291, NULL, 8357423, 'Surname', NULL, 'SARA', '1', 'SARA', 'SR9', 'N', 'N', NULL, NULL, '226ADD3363DC9991246BECB7BD29AD10', TIMESTAMP '2021-03-22 13:25:02.000000', 'Probation1', TIMESTAMP '2021-03-22 13:25:02.000000', 'Probation1'),
(7716292, NULL, 8357423, 'FirstName  ', NULL, 'SARA', '1', 'SARA', 'SR10', 'N', 'N', NULL, NULL, 'C0760DE1B5CED9E5266D4A85B5B83721', TIMESTAMP '2021-03-22 13:25:02.000000', 'Probation1', TIMESTAMP '2021-03-22 13:25:02.000000', 'Probation1'),
(7716293, NULL, 8357423, '01/01/1970', NULL, 'SARA', '1', 'SARA', 'SR11', 'N', 'N', NULL, NULL, 'DD389827F7728ADDEA120CCA2158656C', TIMESTAMP '2021-03-22 13:25:02.000000', 'Probation1', TIMESTAMP '2021-03-22 13:25:02.000000', 'Probation1'),
(7716294, NULL, 8357423, 'UNKNOWN PNC', NULL, 'SARA', '1', 'SARA', 'SR101', 'N', 'N', NULL, NULL, '25A3CA0DFB0B7307299A0FE4AACBD8EC', TIMESTAMP '2021-03-22 13:25:02.000000', 'Probation1', TIMESTAMP '2021-03-22 13:25:02.000000', 'Probation1'),
(7716295, NULL, 8357423, 'Last name', NULL, 'SARA', '1', 'SARA', 'SR12', 'N', 'N', NULL, NULL, '046155EBD34D09AAD75A6CAFCD9BDF88', TIMESTAMP '2021-03-22 13:25:02.000000', 'Probation1', TIMESTAMP '2021-03-22 13:25:02.000000', 'Probation1'),
(7716296, NULL, 8357423, 'First name  ', NULL, 'SARA', '1', 'SARA', 'SR13', 'N', 'N', NULL, NULL, '26ABBF74B66ABAC26D2145CC68509875', TIMESTAMP '2021-03-22 13:25:02.000000', 'Probation1', TIMESTAMP '2021-03-22 13:25:02.000000', 'Probation1'),
(7716297, NULL, 8357423, NULL, NULL, 'SARA', '1', 'SARA', 'SR102', 'N', 'N', NULL, NULL, '47B40F080201DD3475DECBEDE02411DC', TIMESTAMP '2021-03-22 13:25:02.000000', 'Probation1', TIMESTAMP '2021-03-22 13:25:02.000000', 'Probation1'),
(7716298, NULL, 8357423, NULL, NULL, 'SARA', '1', 'SARA', 'SR24.1.1', 'N', 'N', NULL, NULL, '8832AF4A456645D5AEAEF2F193CE15B1', TIMESTAMP '2021-03-22 13:25:02.000000', 'Probation1', TIMESTAMP '2021-03-22 13:25:02.000000', 'Probation1'),
(7716299, NULL, 8357423, NULL, NULL, 'SARA', '1', 'SARA', 'SR39.1.1', 'N', 'N', NULL, NULL, '31913C40BBF2D6FEF92D7DD3CD4459FC', TIMESTAMP '2021-03-22 13:25:02.000000', 'Probation1', TIMESTAMP '2021-03-22 13:25:02.000000', 'Probation1'),
(7716300, NULL, 8357423, NULL, NULL, 'SARA', '1', 'SARA', 'SR139', 'N', 'N', NULL, NULL, '09F8E2BAC89937AE560CE5259B9713F8', TIMESTAMP '2021-03-22 13:25:02.000000', 'Probation1', TIMESTAMP '2021-03-22 13:25:02.000000', 'Probation1'),
(7716301, NULL, 8357423, NULL, NULL, 'SARA', '1', 'SARA', 'SR15.1.1', 'N', 'N', NULL, NULL, '8258A7079B9D1870E4DF73DF885E59BF', TIMESTAMP '2021-03-22 13:27:51.000000', 'SARA1', TIMESTAMP '2021-03-22 13:27:51.000000', 'SARA1'),
(7716302, NULL, 8357423, NULL, NULL, 'SARA', '1', 'SARA', 'SR15.1.2', 'N', 'N', NULL, NULL, 'DB2C38542966805A2B16931C0AF74DC8', TIMESTAMP '2021-03-22 13:27:51.000000', 'SARA1', TIMESTAMP '2021-03-22 13:27:51.000000', 'SARA1'),
(7716303, NULL, 8357423, NULL, NULL, 'SARA', '1', 'SARA', 'SR18.1.1', 'N', 'N', NULL, NULL, '4EEC01A913C8D2A5BBB9E5C99C924037', TIMESTAMP '2021-03-22 13:27:51.000000', 'SARA1', TIMESTAMP '2021-03-22 13:27:51.000000', 'SARA1'),
(7716304, NULL, 8357423, NULL, NULL, 'SARA', '1', 'SARA', 'SR18.1.2', 'N', 'N', NULL, NULL, 'DFF07AD9F039F368A60518EB50B14FF6', TIMESTAMP '2021-03-22 13:27:51.000000', 'SARA1', TIMESTAMP '2021-03-22 13:27:51.000000', 'SARA1'),
(7716305, NULL, 8357423, NULL, NULL, 'SARA', '1', 'SARA', 'SR21.1.1', 'N', 'N', NULL, NULL, 'F1AE3BEAFDFE9F1FE32E6F6E9324E26E', TIMESTAMP '2021-03-22 13:27:51.000000', 'SARA1', TIMESTAMP '2021-03-22 13:27:51.000000', 'SARA1'),
(7716306, NULL, 8357423, NULL, NULL, 'SARA', '1', 'SARA', 'SR21.1.2', 'N', 'N', NULL, NULL, 'A33D00E195562596E2F2886A53B9B463', TIMESTAMP '2021-03-22 13:27:51.000000', 'SARA1', TIMESTAMP '2021-03-22 13:27:51.000000', 'SARA1'),
(7716307, NULL, 8357423, NULL, NULL, 'SARA', '1', 'SARA', 'SR24.1.2', 'N', 'N', NULL, NULL, '9423D6180904BF7A9F735F1C6C76CA84', TIMESTAMP '2021-03-22 13:27:51.000000', 'SARA1', TIMESTAMP '2021-03-22 13:27:51.000000', 'SARA1'),
(7716308, NULL, 8357423, NULL, NULL, 'SARA', '1', 'SARA', 'SR27.1.1', 'N', 'N', NULL, NULL, 'ACDD7980A4CF3BFC05CAF002E29F757D', TIMESTAMP '2021-03-22 13:27:51.000000', 'SARA1', TIMESTAMP '2021-03-22 13:27:51.000000', 'SARA1'),
(7716309, NULL, 8357423, NULL, NULL, 'SARA', '1', 'SARA', 'SR27.1.2', 'N', 'N', NULL, NULL, 'BD52F33A3B0FA038BDCC9A5A8CBB45CF', TIMESTAMP '2021-03-22 13:27:51.000000', 'SARA1', TIMESTAMP '2021-03-22 13:27:51.000000', 'SARA1'),
(7716310, NULL, 8357423, NULL, NULL, 'SARA', '1', 'SARA', 'SR30.1.1', 'N', 'N', NULL, NULL, 'E02C6BDABAE0B6C74135EA3E18249B76', TIMESTAMP '2021-03-22 13:27:51.000000', 'SARA1', TIMESTAMP '2021-03-22 13:27:51.000000', 'SARA1'),
(7716311, NULL, 8357423, NULL, NULL, 'SARA', '1', 'SARA', 'SR30.1.2', 'N', 'N', NULL, NULL, 'E870AC6B29A3522C39F3B6BF28BA41FD', TIMESTAMP '2021-03-22 13:27:51.000000', 'SARA1', TIMESTAMP '2021-03-22 13:27:51.000000', 'SARA1'),
(7716312, NULL, 8357423, NULL, NULL, 'SARA', '1', 'SARA', 'SR33.1.1', 'N', 'N', NULL, NULL, 'D34F39D13A1CA5833A6A575787B08A2E', TIMESTAMP '2021-03-22 13:27:51.000000', 'SARA1', TIMESTAMP '2021-03-22 13:27:51.000000', 'SARA1'),
(7716313, NULL, 8357423, NULL, NULL, 'SARA', '1', 'SARA', 'SR33.1.2', 'N', 'N', NULL, NULL, '37A7F31EEDE19B3B14C4A7347DB653B8', TIMESTAMP '2021-03-22 13:27:51.000000', 'SARA1', TIMESTAMP '2021-03-22 13:27:51.000000', 'SARA1'),
(7716314, NULL, 8357423, NULL, NULL, 'SARA', '1', 'SARA', 'SR36.1.1', 'N', 'N', NULL, NULL, '4368588C3D1988919270B08DBDFFF892', TIMESTAMP '2021-03-22 13:27:51.000000', 'SARA1', TIMESTAMP '2021-03-22 13:27:51.000000', 'SARA1'),
(7716315, NULL, 8357423, NULL, NULL, 'SARA', '1', 'SARA', 'SR36.1.2', 'N', 'N', NULL, NULL, 'A67AF3D93A96F24E27309C4103B7F426', TIMESTAMP '2021-03-22 13:27:51.000000', 'SARA1', TIMESTAMP '2021-03-22 13:27:51.000000', 'SARA1'),
(7716316, NULL, 8357423, NULL, NULL, 'SARA', '1', 'SARA', 'SR39.1.2', 'N', 'N', NULL, NULL, '8539F5156A19603B03830C92AED483FD', TIMESTAMP '2021-03-22 13:27:51.000000', 'SARA1', TIMESTAMP '2021-03-22 13:27:51.000000', 'SARA1'),
(7716317, NULL, 8357423, NULL, NULL, 'SARA', '1', 'SARA', 'SR42.1.1', 'N', 'N', NULL, NULL, '42792BBE8064D154FF18FCFE4714E550', TIMESTAMP '2021-03-22 13:27:51.000000', 'SARA1', TIMESTAMP '2021-03-22 13:27:51.000000', 'SARA1'),
(7716318, NULL, 8357423, NULL, NULL, 'SARA', '1', 'SARA', 'SR42.1.2', 'N', 'N', NULL, NULL, 'D15DAE3CB7C8BDB93FD2B06F4DAF5871', TIMESTAMP '2021-03-22 13:27:51.000000', 'SARA1', TIMESTAMP '2021-03-22 13:27:51.000000', 'SARA1'),
(7716319, NULL, 8357423, NULL, NULL, 'SARA', '1', 'SARA', 'SR45.1.1', 'N', 'N', NULL, NULL, '4FE50552DE1C6DA79024593F81FECCEA', TIMESTAMP '2021-03-22 13:27:51.000000', 'SARA1', TIMESTAMP '2021-03-22 13:27:51.000000', 'SARA1'),
(7716320, NULL, 8357423, NULL, NULL, 'SARA', '1', 'SARA', 'SR45.1.2', 'N', 'N', NULL, NULL, 'DCE9CF471F7050D9AC832DB8C5118115', TIMESTAMP '2021-03-22 13:27:51.000000', 'SARA1', TIMESTAMP '2021-03-22 13:27:51.000000', 'SARA1'),
(7716321, NULL, 8357423, NULL, NULL, 'SARA', '1', 'SARA', 'SR48.1.1', 'N', 'N', NULL, NULL, '76EA706D13A975FA3FC07832C6D7A879', TIMESTAMP '2021-03-22 13:27:51.000000', 'SARA1', TIMESTAMP '2021-03-22 13:27:51.000000', 'SARA1'),
(7716322, NULL, 8357423, NULL, NULL, 'SARA', '1', 'SARA', 'SR48.1.2', 'N', 'N', NULL, NULL, '73D5E93356BFD6C1507E77210B1FE2BE', TIMESTAMP '2021-03-22 13:27:51.000000', 'SARA1', TIMESTAMP '2021-03-22 13:27:51.000000', 'SARA1'),
(7716323, NULL, 8357423, NULL, NULL, 'SARA', '1', 'SARA', 'SR51.1.1', 'N', 'N', NULL, NULL, '268016F6AAA265599BAC6CE2C3BAB8F2', TIMESTAMP '2021-03-22 13:27:51.000000', 'SARA1', TIMESTAMP '2021-03-22 13:27:51.000000', 'SARA1'),
(7716324, NULL, 8357423, NULL, NULL, 'SARA', '1', 'SARA', 'SR51.1.2', 'N', 'N', NULL, NULL, '19750C9FDDBB63DAF02778A1315EEE8C', TIMESTAMP '2021-03-22 13:27:51.000000', 'SARA1', TIMESTAMP '2021-03-22 13:27:51.000000', 'SARA1'),
(7716325, NULL, 8357423, NULL, NULL, 'SARA', '1', 'SARA', 'SR54.1.1', 'N', 'N', NULL, NULL, 'CB5D77B38E7B356733581E0EAD729074', TIMESTAMP '2021-03-22 13:27:51.000000', 'SARA1', TIMESTAMP '2021-03-22 13:27:51.000000', 'SARA1'),
(7716326, NULL, 8357423, NULL, NULL, 'SARA', '1', 'SARA', 'SR54.1.2', 'N', 'N', NULL, NULL, '010CB76F2798DCC4E01C6B0E42CB159C', TIMESTAMP '2021-03-22 13:27:51.000000', 'SARA1', TIMESTAMP '2021-03-22 13:27:51.000000', 'SARA1'),
(7716327, NULL, 8357423, NULL, NULL, 'SARA', '1', 'SARA', 'SR57.1.1', 'N', 'N', NULL, NULL, 'A81C2510C2840D1FE16118C4E325757B', TIMESTAMP '2021-03-22 13:27:51.000000', 'SARA1', TIMESTAMP '2021-03-22 13:27:51.000000', 'SARA1'),
(7716328, NULL, 8357423, NULL, NULL, 'SARA', '1', 'SARA', 'SR57.1.2', 'N', 'N', NULL, NULL, '49E3849BB6A5C889DDFF49CBDE58C21D', TIMESTAMP '2021-03-22 13:27:51.000000', 'SARA1', TIMESTAMP '2021-03-22 13:27:51.000000', 'SARA1'),
(7716329, NULL, 8357423, NULL, NULL, 'SARA', '1', 'SARA', 'SR60.1.1', 'N', 'N', NULL, NULL, '36EFF5A3EBA6220E0A9973E3C14F4054', TIMESTAMP '2021-03-22 13:27:51.000000', 'SARA1', TIMESTAMP '2021-03-22 13:27:51.000000', 'SARA1'),
(7716330, NULL, 8357423, NULL, NULL, 'SARA', '1', 'SARA', 'SR60.1.2', 'N', 'N', NULL, NULL, '8BDA31A83D805065F4826F61FC2100C8', TIMESTAMP '2021-03-22 13:27:51.000000', 'SARA1', TIMESTAMP '2021-03-22 13:27:51.000000', 'SARA1'),
(7716331, NULL, 8357423, NULL, NULL, 'SARA', '1', 'SARA', 'SR63.1.1', 'N', 'N', NULL, NULL, '2BB9A026B9C52F4BEFCD6C85AEA459F0', TIMESTAMP '2021-03-22 13:27:51.000000', 'SARA1', TIMESTAMP '2021-03-22 13:27:51.000000', 'SARA1'),
(7716332, NULL, 8357423, NULL, NULL, 'SARA', '1', 'SARA', 'SR63.1.2', 'N', 'N', NULL, NULL, 'BD2DF407EC8BE48940AE3FE6DF3CD104', TIMESTAMP '2021-03-22 13:27:51.000000', 'SARA1', TIMESTAMP '2021-03-22 13:27:51.000000', 'SARA1'),
(7716333, NULL, 8357423, NULL, NULL, 'SARA', '1', 'SARA', 'SR66.1.1', 'N', 'N', NULL, NULL, '189318582A35DECABD564F8A4F5F7D42', TIMESTAMP '2021-03-22 13:27:51.000000', 'SARA1', TIMESTAMP '2021-03-22 13:27:51.000000', 'SARA1'),
(7716334, NULL, 8357423, NULL, NULL, 'SARA', '1', 'SARA', 'SR66.1.2', 'N', 'N', NULL, NULL, 'D87E699DCA997BF7B774E55B7853CD15', TIMESTAMP '2021-03-22 13:27:51.000000', 'SARA1', TIMESTAMP '2021-03-22 13:27:51.000000', 'SARA1'),
(7716335, NULL, 8357423, NULL, NULL, 'SARA', '1', 'SARA', 'SR69.1.1', 'N', 'N', NULL, NULL, '0A74546EF5CBFB4CC8653E627DEAE9F0', TIMESTAMP '2021-03-22 13:27:51.000000', 'SARA1', TIMESTAMP '2021-03-22 13:27:51.000000', 'SARA1'),
(7716336, NULL, 8357423, NULL, NULL, 'SARA', '1', 'SARA', 'SR69.1.2', 'N', 'N', NULL, NULL, 'A67B384F2AAD655A10C49A0AD3F7B2FD', TIMESTAMP '2021-03-22 13:27:51.000000', 'SARA1', TIMESTAMP '2021-03-22 13:27:51.000000', 'SARA1'),
(7716337, NULL, 8357423, NULL, NULL, 'SARA', '1', 'SARA', 'SR72.1.1', 'N', 'N', NULL, NULL, '1E3FABE72D1BE2C45DBCE812273E334D', TIMESTAMP '2021-03-22 13:27:51.000000', 'SARA1', TIMESTAMP '2021-03-22 13:27:51.000000', 'SARA1'),
(7716338, NULL, 8357423, NULL, NULL, 'SARA', '1', 'SARA', 'SR72.1.2', 'N', 'N', NULL, NULL, '1D6C94BD9338D6D861E9F5094AD8AECD', TIMESTAMP '2021-03-22 13:27:51.000000', 'SARA1', TIMESTAMP '2021-03-22 13:27:51.000000', 'SARA1'),
(7716339, NULL, 8357423, NULL, NULL, 'SARA', '1', 'SARA', 'SR76.1.1', 'N', 'N', NULL, NULL, 'C7B43F7EBE1A82F1F847A72AD911498C', TIMESTAMP '2021-03-22 13:27:51.000000', 'SARA1', TIMESTAMP '2021-03-22 13:27:51.000000', 'SARA1'),
(7716340, NULL, 8357423, NULL, NULL, 'SARA', '1', 'SARA', 'SR77.1.1', 'N', 'N', NULL, NULL, '56A760669767CBCE512EFB14AEDE011A', TIMESTAMP '2021-03-22 13:27:51.000000', 'SARA1', TIMESTAMP '2021-03-22 13:27:51.000000', 'SARA1'),
(7716341, NULL, 8357423, NULL, NULL, 'SARA', '1', 'SARA', 'SR79.1', 'N', 'N', NULL, NULL, '25094E2EEF9B7D52ECE437E60402A196', TIMESTAMP '2021-03-22 13:27:51.000000', 'SARA1', TIMESTAMP '2021-03-22 13:27:51.000000', 'SARA1'),
(7716342, NULL, 8357423, NULL, NULL, 'SARA', '1', 'SARA', 'SR80.1', 'N', 'N', NULL, NULL, 'B24204B6CA2ADABECB160406B36A226F', TIMESTAMP '2021-03-22 13:27:51.000000', 'SARA1', TIMESTAMP '2021-03-22 13:27:51.000000', 'SARA1'),
(7716343, NULL, 8357423, NULL, NULL, 'SARA', '1', 'SARA', 'SR81.1', 'N', 'N', NULL, NULL, '180B882F0D808889B929867F9EAADFBF', TIMESTAMP '2021-03-22 13:27:51.000000', 'SARA1', TIMESTAMP '2021-03-22 13:27:51.000000', 'SARA1'),
(7716344, NULL, 8357423, NULL, NULL, 'SARA', '1', 'SARA', 'SR83.1', 'N', 'N', NULL, NULL, 'F0304277B1FEF946B96CCA629652D6CB', TIMESTAMP '2021-03-22 13:27:51.000000', 'SARA1', TIMESTAMP '2021-03-22 13:27:51.000000', 'SARA1'),
(7716345, NULL, 8357423, NULL, NULL, 'SARA', '1', 'SARA', 'SR84.1', 'N', 'N', NULL, NULL, 'D38034F37B08AA10FCDCD263F6F3F207', TIMESTAMP '2021-03-22 13:27:51.000000', 'SARA1', TIMESTAMP '2021-03-22 13:27:51.000000', 'SARA1'),
(7716346, NULL, 8357423, NULL, NULL, 'SARA', '1', 'SARA', 'SR85.1', 'N', 'N', NULL, NULL, 'D473C5DFC062A3D010D6E50B3C3A0D90', TIMESTAMP '2021-03-22 13:27:51.000000', 'SARA1', TIMESTAMP '2021-03-22 13:27:51.000000', 'SARA1'),
(7716347, NULL, 8357423, NULL, NULL, 'SARA', '1', 'SARA', 'SR86.1', 'N', 'N', NULL, NULL, '527A55688E93804F561A6FC4065FE7E8', TIMESTAMP '2021-03-22 13:27:51.000000', 'SARA1', TIMESTAMP '2021-03-22 13:27:51.000000', 'SARA1'),
(7716348, NULL, 8357423, NULL, NULL, 'SARA', '1', 'SARA', 'SR87.1', 'N', 'N', NULL, NULL, '275F0A0C8BE85946908583CA6E3A4991', TIMESTAMP '2021-03-22 13:27:51.000000', 'SARA1', TIMESTAMP '2021-03-22 13:27:51.000000', 'SARA1'),
(7716349, NULL, 8357423, NULL, NULL, 'SARA', '1', 'SARA', 'SR141.1', 'N', 'N', NULL, NULL, '1E1609058F4E43525C55DFD13F80BE23', TIMESTAMP '2021-03-22 13:27:51.000000', 'SARA1', TIMESTAMP '2021-03-22 13:27:51.000000', 'SARA1'),
(7716350, NULL, 8357423, NULL, NULL, 'SARA', '1', 'SARA', 'SR89.1', 'N', 'N', NULL, NULL, '9EDE969EF51F72C3BD2D3924D17BE48C', TIMESTAMP '2021-03-22 13:27:51.000000', 'SARA1', TIMESTAMP '2021-03-22 13:27:51.000000', 'SARA1'),
(7716351, NULL, 8357423, NULL, NULL, 'SARA', '1', 'SARA', 'SR90.1', 'N', 'N', NULL, NULL, 'B88375E4522A2A20AF869A58AC170B8F', TIMESTAMP '2021-03-22 13:27:51.000000', 'SARA1', TIMESTAMP '2021-03-22 13:27:51.000000', 'SARA1'),
(7716352, NULL, 8357423, NULL, NULL, 'SARA', '1', 'SARA', 'SR91.1', 'N', 'N', NULL, NULL, 'AECB2369CF1EC91AE1CB6B822BF3A744', TIMESTAMP '2021-03-22 13:27:51.000000', 'SARA1', TIMESTAMP '2021-03-22 13:27:51.000000', 'SARA1'),
(7716353, NULL, 8357423, NULL, NULL, 'SARA', '1', 'SARA', 'SR92.1', 'N', 'N', NULL, NULL, '0C7697872B52609948B646CACA6421B0', TIMESTAMP '2021-03-22 13:27:51.000000', 'SARA1', TIMESTAMP '2021-03-22 13:27:51.000000', 'SARA1'),
(7716354, NULL, 8357423, NULL, NULL, 'SARA', '1', 'SARA', 'SR93.1', 'N', 'N', NULL, NULL, '8776CB5FF6D1905A9233FCCAAC817FDB', TIMESTAMP '2021-03-22 13:27:52.000000', 'SARA1', TIMESTAMP '2021-03-22 13:27:52.000000', 'SARA1'),
(7716355, NULL, 8357423, NULL, NULL, 'SARA', '1', 'SARA', 'SR94.1', 'N', 'N', NULL, NULL, '3E3BA82FC527DE9D42843E55991631E4', TIMESTAMP '2021-03-22 13:27:52.000000', 'SARA1', TIMESTAMP '2021-03-22 13:27:52.000000', 'SARA1'),
(7716356, NULL, 8357423, NULL, NULL, 'SARA', '1', 'SARA', 'SR95.1', 'N', 'N', NULL, NULL, 'A0851C8A3C50314F3F9C9595D1768581', TIMESTAMP '2021-03-22 13:27:52.000000', 'SARA1', TIMESTAMP '2021-03-22 13:27:52.000000', 'SARA1'),
(7716357, NULL, 8357423, NULL, NULL, 'SARA', '1', 'SARA', 'SR96.1', 'N', 'N', NULL, NULL, '13F16E58C98658C4C93409E6D914C25A', TIMESTAMP '2021-03-22 13:27:52.000000', 'SARA1', TIMESTAMP '2021-03-22 13:27:52.000000', 'SARA1')
;

INSERT INTO OASYS_ANSWER (OASYS_ANSWER_PK, OASYS_QUESTION_PK, REF_ASS_VERSION_CODE, VERSION_NUMBER, REF_SECTION_CODE, REF_QUESTION_CODE, REF_ANSWER_CODE, MIG_GUID, MIG_ID, CHECKSUM, CREATE_DATE, CREATE_USER, LASTUPD_DATE, LASTUPD_USER) VALUES
(8005374, 7716298, 'SARA', '1', 'SARA', 'SR24.1.1', '2', NULL, NULL, '324A8605661EABFCC7F793B491ED066B', TIMESTAMP '2021-03-22 13:25:02.000000', 'Probation1', TIMESTAMP '2021-03-22 13:25:02.000000', 'Probation1'),
(8005375, 7716299, 'SARA', '1', 'SARA', 'SR39.1.1', '2D', NULL, NULL, '8E3CA27E46ED55E48FBDEE9AF293E022', TIMESTAMP '2021-03-22 13:25:02.000000', 'Probation1', TIMESTAMP '2021-03-22 13:27:51.000000', 'SARA1'),
(8005376, 7716301, 'SARA', '1', 'SARA', 'SR15.1.1', '2', NULL, NULL, 'C464329E3BE6E490A20640ABCFBCE28B', TIMESTAMP '2021-03-22 13:27:51.000000', 'SARA1', TIMESTAMP '2021-03-22 13:27:51.000000', 'SARA1'),
(8005377, 7716302, 'SARA', '1', 'SARA', 'SR15.1.2', 'YES', NULL, NULL, '320D511F7476BA828F001749BC0F19E9', TIMESTAMP '2021-03-22 13:27:51.000000', 'SARA1', TIMESTAMP '2021-03-22 13:27:51.000000', 'SARA1'),
(8005378, 7716303, 'SARA', '1', 'SARA', 'SR18.1.1', '2', NULL, NULL, '5DAEE6DE1B51D4EF29D1701A6B48A308', TIMESTAMP '2021-03-22 13:27:51.000000', 'SARA1', TIMESTAMP '2021-03-22 13:27:51.000000', 'SARA1'),
(8005379, 7716304, 'SARA', '1', 'SARA', 'SR18.1.2', 'YES', NULL, NULL, 'B43421B755A27B560F904B37C3F5F14F', TIMESTAMP '2021-03-22 13:27:51.000000', 'SARA1', TIMESTAMP '2021-03-22 13:27:51.000000', 'SARA1'),
(8005380, 7716305, 'SARA', '1', 'SARA', 'SR21.1.1', '2', NULL, NULL, '95CEFFAB80C1D488F52A0C12EE931FBA', TIMESTAMP '2021-03-22 13:27:51.000000', 'SARA1', TIMESTAMP '2021-03-22 13:27:51.000000', 'SARA1'),
(8005381, 7716306, 'SARA', '1', 'SARA', 'SR21.1.2', 'YES', NULL, NULL, '72EAE8281EFA37EB663AD59611513F5F', TIMESTAMP '2021-03-22 13:27:51.000000', 'SARA1', TIMESTAMP '2021-03-22 13:27:51.000000', 'SARA1'),
(8005382, 7716307, 'SARA', '1', 'SARA', 'SR24.1.2', 'NO', NULL, NULL, '32E4F421180F6BBC0EB4C1CD1FB155DD', TIMESTAMP '2021-03-22 13:27:51.000000', 'SARA1', TIMESTAMP '2021-03-22 13:27:51.000000', 'SARA1'),
(8005383, 7716308, 'SARA', '1', 'SARA', 'SR27.1.1', '2', NULL, NULL, '811DB759F0041D2D02FE68E7BAB4B491', TIMESTAMP '2021-03-22 13:27:51.000000', 'SARA1', TIMESTAMP '2021-03-22 13:27:51.000000', 'SARA1'),
(8005384, 7716309, 'SARA', '1', 'SARA', 'SR27.1.2', 'YES', NULL, NULL, '823137AC6B7132D7C858EA9D641202E3', TIMESTAMP '2021-03-22 13:27:51.000000', 'SARA1', TIMESTAMP '2021-03-22 13:27:51.000000', 'SARA1'),
(8005385, 7716310, 'SARA', '1', 'SARA', 'SR30.1.1', '2', NULL, NULL, '0F0FE8A105FFC80B03E3CDAB5788AAFA', TIMESTAMP '2021-03-22 13:27:51.000000', 'SARA1', TIMESTAMP '2021-03-22 13:27:51.000000', 'SARA1'),
(8005386, 7716311, 'SARA', '1', 'SARA', 'SR30.1.2', 'YES', NULL, NULL, '765993923BA9E150BC86BBFD59788D59', TIMESTAMP '2021-03-22 13:27:51.000000', 'SARA1', TIMESTAMP '2021-03-22 13:27:51.000000', 'SARA1'),
(8005387, 7716312, 'SARA', '1', 'SARA', 'SR33.1.1', '2', NULL, NULL, '0F67ECD17A6A1AB0E113AB6C6DA2CF4A', TIMESTAMP '2021-03-22 13:27:51.000000', 'SARA1', TIMESTAMP '2021-03-22 13:27:51.000000', 'SARA1'),
(8005388, 7716313, 'SARA', '1', 'SARA', 'SR33.1.2', 'YES', NULL, NULL, '8715144C01BB37B0B35E8F08ADE45CFB', TIMESTAMP '2021-03-22 13:27:51.000000', 'SARA1', TIMESTAMP '2021-03-22 13:27:51.000000', 'SARA1'),
(8005389, 7716314, 'SARA', '1', 'SARA', 'SR36.1.1', '2', NULL, NULL, '6F965278A3C9340F6FB9F022D766C927', TIMESTAMP '2021-03-22 13:27:51.000000', 'SARA1', TIMESTAMP '2021-03-22 13:27:51.000000', 'SARA1'),
(8005390, 7716315, 'SARA', '1', 'SARA', 'SR36.1.2', 'YES', NULL, NULL, 'AEAC5BF35EC428D95B2AB4FA42A43762', TIMESTAMP '2021-03-22 13:27:51.000000', 'SARA1', TIMESTAMP '2021-03-22 13:27:51.000000', 'SARA1'),
(8005391, 7716316, 'SARA', '1', 'SARA', 'SR39.1.2', 'YES', NULL, NULL, '61C5A3029BD29A78D1E6D8D05E65555F', TIMESTAMP '2021-03-22 13:27:51.000000', 'SARA1', TIMESTAMP '2021-03-22 13:27:51.000000', 'SARA1'),
(8005392, 7716317, 'SARA', '1', 'SARA', 'SR42.1.1', '2D', NULL, NULL, 'C22325E2DC2C8EA4AF195334A131C434', TIMESTAMP '2021-03-22 13:27:51.000000', 'SARA1', TIMESTAMP '2021-03-22 13:27:51.000000', 'SARA1'),
(8005393, 7716318, 'SARA', '1', 'SARA', 'SR42.1.2', 'YES', NULL, NULL, 'CE350925648283EE27AE494EC2D531FC', TIMESTAMP '2021-03-22 13:27:51.000000', 'SARA1', TIMESTAMP '2021-03-22 13:27:51.000000', 'SARA1'),
(8005394, 7716319, 'SARA', '1', 'SARA', 'SR45.1.1', '2', NULL, NULL, '19A93079FB566FA0AC93DC0EE145838B', TIMESTAMP '2021-03-22 13:27:51.000000', 'SARA1', TIMESTAMP '2021-03-22 13:27:51.000000', 'SARA1'),
(8005395, 7716320, 'SARA', '1', 'SARA', 'SR45.1.2', 'YES', NULL, NULL, '4F1E6A60A1B9BFABF787FBCBFD881DF2', TIMESTAMP '2021-03-22 13:27:51.000000', 'SARA1', TIMESTAMP '2021-03-22 13:27:51.000000', 'SARA1'),
(8005396, 7716321, 'SARA', '1', 'SARA', 'SR48.1.1', '2', NULL, NULL, '5DCDC8111B0449262F5BC7D32318960E', TIMESTAMP '2021-03-22 13:27:51.000000', 'SARA1', TIMESTAMP '2021-03-22 13:27:51.000000', 'SARA1'),
(8005397, 7716322, 'SARA', '1', 'SARA', 'SR48.1.2', 'YES', NULL, NULL, '762256EADFE8C5828D80375879007910', TIMESTAMP '2021-03-22 13:27:51.000000', 'SARA1', TIMESTAMP '2021-03-22 13:27:51.000000', 'SARA1'),
(8005398, 7716323, 'SARA', '1', 'SARA', 'SR51.1.1', '2', NULL, NULL, 'C60C06105978D9AD0125F9C66B719E95', TIMESTAMP '2021-03-22 13:27:51.000000', 'SARA1', TIMESTAMP '2021-03-22 13:27:51.000000', 'SARA1'),
(8005399, 7716324, 'SARA', '1', 'SARA', 'SR51.1.2', 'YES', NULL, NULL, 'F515948EF5E3D41621752D66C88CCA3E', TIMESTAMP '2021-03-22 13:27:51.000000', 'SARA1', TIMESTAMP '2021-03-22 13:27:51.000000', 'SARA1'),
(8005400, 7716325, 'SARA', '1', 'SARA', 'SR54.1.1', '2', NULL, NULL, 'F659B2A0DA49E28B3CFA592528BF7D9F', TIMESTAMP '2021-03-22 13:27:51.000000', 'SARA1', TIMESTAMP '2021-03-22 13:27:51.000000', 'SARA1'),
(8005401, 7716326, 'SARA', '1', 'SARA', 'SR54.1.2', 'YES', NULL, NULL, 'A014B3FCDDA74AF7C7C3CA0F554E424B', TIMESTAMP '2021-03-22 13:27:51.000000', 'SARA1', TIMESTAMP '2021-03-22 13:27:51.000000', 'SARA1'),
(8005402, 7716327, 'SARA', '1', 'SARA', 'SR57.1.1', '2', NULL, NULL, 'F34B739260EEE9CF485E23FD890FA3AB', TIMESTAMP '2021-03-22 13:27:51.000000', 'SARA1', TIMESTAMP '2021-03-22 13:27:51.000000', 'SARA1'),
(8005403, 7716328, 'SARA', '1', 'SARA', 'SR57.1.2', 'YES', NULL, NULL, 'D79B1A0EE2B1520E1D588269EFC24E11', TIMESTAMP '2021-03-22 13:27:51.000000', 'SARA1', TIMESTAMP '2021-03-22 13:27:51.000000', 'SARA1'),
(8005404, 7716329, 'SARA', '1', 'SARA', 'SR60.1.1', '2', NULL, NULL, '5AB1AB22BD1251903C0A0B579C2C5698', TIMESTAMP '2021-03-22 13:27:51.000000', 'SARA1', TIMESTAMP '2021-03-22 13:27:51.000000', 'SARA1'),
(8005405, 7716330, 'SARA', '1', 'SARA', 'SR60.1.2', 'YES', NULL, NULL, 'E5B4EDC724D965628BFD4CD07D320B05', TIMESTAMP '2021-03-22 13:27:51.000000', 'SARA1', TIMESTAMP '2021-03-22 13:27:51.000000', 'SARA1'),
(8005406, 7716331, 'SARA', '1', 'SARA', 'SR63.1.1', '2', NULL, NULL, '0B09C104413B44FB97D02E646AE17E60', TIMESTAMP '2021-03-22 13:27:51.000000', 'SARA1', TIMESTAMP '2021-03-22 13:27:51.000000', 'SARA1'),
(8005407, 7716332, 'SARA', '1', 'SARA', 'SR63.1.2', 'YES', NULL, NULL, 'BAAE9EDA24EC757C3F17312CA28FCC9B', TIMESTAMP '2021-03-22 13:27:51.000000', 'SARA1', TIMESTAMP '2021-03-22 13:27:51.000000', 'SARA1'),
(8005408, 7716333, 'SARA', '1', 'SARA', 'SR66.1.1', '2', NULL, NULL, 'BAAC59758667012C550CA933BA459EDE', TIMESTAMP '2021-03-22 13:27:51.000000', 'SARA1', TIMESTAMP '2021-03-22 13:27:51.000000', 'SARA1'),
(8005409, 7716334, 'SARA', '1', 'SARA', 'SR66.1.2', 'YES', NULL, NULL, 'E8BA8CBA3214B111A9DFD329552A715B', TIMESTAMP '2021-03-22 13:27:51.000000', 'SARA1', TIMESTAMP '2021-03-22 13:27:51.000000', 'SARA1'),
(8005410, 7716335, 'SARA', '1', 'SARA', 'SR69.1.1', '2', NULL, NULL, 'A92F4CFE8734E7C12D250FC2FB33603B', TIMESTAMP '2021-03-22 13:27:51.000000', 'SARA1', TIMESTAMP '2021-03-22 13:27:51.000000', 'SARA1'),
(8005411, 7716336, 'SARA', '1', 'SARA', 'SR69.1.2', 'YES', NULL, NULL, '8FBB3FD61A7D3EBCF5FD2D2390C3A3AE', TIMESTAMP '2021-03-22 13:27:51.000000', 'SARA1', TIMESTAMP '2021-03-22 13:27:51.000000', 'SARA1'),
(8005412, 7716337, 'SARA', '1', 'SARA', 'SR72.1.1', '2', NULL, NULL, 'DA1D926348FF5F8713E0E8EB8EC5D9F8', TIMESTAMP '2021-03-22 13:27:51.000000', 'SARA1', TIMESTAMP '2021-03-22 13:27:51.000000', 'SARA1'),
(8005413, 7716338, 'SARA', '1', 'SARA', 'SR72.1.2', 'YES', NULL, NULL, '0EB40E4497BEC55100A9061C00EE94B3', TIMESTAMP '2021-03-22 13:27:51.000000', 'SARA1', TIMESTAMP '2021-03-22 13:27:51.000000', 'SARA1'),
(8005414, 7716339, 'SARA', '1', 'SARA', 'SR76.1.1', '3', NULL, NULL, 'E5527A636D60FFBC54BFED655060AC93', TIMESTAMP '2021-03-22 13:27:51.000000', 'SARA1', TIMESTAMP '2021-03-22 13:27:51.000000', 'SARA1'),
(8005415, 7716340, 'SARA', '1', 'SARA', 'SR77.1.1', '3', NULL, NULL, 'E167223987D699C4C8D732C7206F6DFF', TIMESTAMP '2021-03-22 13:27:51.000000', 'SARA1', TIMESTAMP '2021-03-22 13:27:51.000000', 'SARA1'),
(8005416, 7716341, 'SARA', '1', 'SARA', 'SR79.1', 'YES', NULL, NULL, '0DD7E506F47A134CFBCB22BB2D70BF03', TIMESTAMP '2021-03-22 13:27:51.000000', 'SARA1', TIMESTAMP '2021-03-22 13:27:51.000000', 'SARA1'),
(8005417, 7716342, 'SARA', '1', 'SARA', 'SR80.1', 'YES', NULL, NULL, 'FD31CFD2451921AC36ADFE8A5F94D750', TIMESTAMP '2021-03-22 13:27:51.000000', 'SARA1', TIMESTAMP '2021-03-22 13:27:51.000000', 'SARA1'),
(8005418, 7716343, 'SARA', '1', 'SARA', 'SR81.1', 'NO', NULL, NULL, '3B97B51A8ABC229DD2B47000A37AE4F6', TIMESTAMP '2021-03-22 13:27:51.000000', 'SARA1', TIMESTAMP '2021-03-22 13:27:51.000000', 'SARA1'),
(8005419, 7716344, 'SARA', '1', 'SARA', 'SR83.1', 'YES', NULL, NULL, '9A74C874DE6249447F82C170E183ECAD', TIMESTAMP '2021-03-22 13:27:51.000000', 'SARA1', TIMESTAMP '2021-03-22 13:27:51.000000', 'SARA1'),
(8005420, 7716345, 'SARA', '1', 'SARA', 'SR84.1', 'YES', NULL, NULL, '84A8F21D57EDA67810B1DA4F7E11B169', TIMESTAMP '2021-03-22 13:27:51.000000', 'SARA1', TIMESTAMP '2021-03-22 13:27:51.000000', 'SARA1'),
(8005421, 7716346, 'SARA', '1', 'SARA', 'SR85.1', 'YES', NULL, NULL, '5B696697190E009EFD9E11BC0F002F17', TIMESTAMP '2021-03-22 13:27:51.000000', 'SARA1', TIMESTAMP '2021-03-22 13:27:51.000000', 'SARA1'),
(8005422, 7716347, 'SARA', '1', 'SARA', 'SR86.1', 'YES', NULL, NULL, '2BE6476F6189533EFF493BD860CBB72E', TIMESTAMP '2021-03-22 13:27:51.000000', 'SARA1', TIMESTAMP '2021-03-22 13:27:51.000000', 'SARA1'),
(8005423, 7716348, 'SARA', '1', 'SARA', 'SR87.1', 'YES', NULL, NULL, 'A9FC751945FC278A730285816845CBFA', TIMESTAMP '2021-03-22 13:27:51.000000', 'SARA1', TIMESTAMP '2021-03-22 13:27:51.000000', 'SARA1'),
(8005424, 7716349, 'SARA', '1', 'SARA', 'SR141.1', 'YES', NULL, NULL, '172A657E6ED67A356823EC65AB81A41A', TIMESTAMP '2021-03-22 13:27:51.000000', 'SARA1', TIMESTAMP '2021-03-22 13:27:51.000000', 'SARA1'),
(8005425, 7716350, 'SARA', '1', 'SARA', 'SR89.1', 'YES', NULL, NULL, 'E35BF951A3DE94F6FB6A13AA942A6E44', TIMESTAMP '2021-03-22 13:27:51.000000', 'SARA1', TIMESTAMP '2021-03-22 13:27:51.000000', 'SARA1'),
(8005426, 7716351, 'SARA', '1', 'SARA', 'SR90.1', 'YES', NULL, NULL, '895D9C5886913862D7CD61EF62C451E7', TIMESTAMP '2021-03-22 13:27:51.000000', 'SARA1', TIMESTAMP '2021-03-22 13:27:51.000000', 'SARA1'),
(8005427, 7716352, 'SARA', '1', 'SARA', 'SR91.1', 'YES', NULL, NULL, 'ECB7DED97109820C9B32D58B1E7DDFD8', TIMESTAMP '2021-03-22 13:27:51.000000', 'SARA1', TIMESTAMP '2021-03-22 13:27:51.000000', 'SARA1'),
(8005428, 7716353, 'SARA', '1', 'SARA', 'SR92.1', 'YES', NULL, NULL, '88186DE93504C9990EFCF14B963E5486', TIMESTAMP '2021-03-22 13:27:52.000000', 'SARA1', TIMESTAMP '2021-03-22 13:27:52.000000', 'SARA1'),
(8005429, 7716354, 'SARA', '1', 'SARA', 'SR93.1', 'YES', NULL, NULL, '40C2C5D4510417F37D7C33D8A4225EAD', TIMESTAMP '2021-03-22 13:27:52.000000', 'SARA1', TIMESTAMP '2021-03-22 13:27:52.000000', 'SARA1'),
(8005430, 7716355, 'SARA', '1', 'SARA', 'SR94.1', 'YES', NULL, NULL, 'A8387DA1B37E15B0C6D06A66130E6E28', TIMESTAMP '2021-03-22 13:27:52.000000', 'SARA1', TIMESTAMP '2021-03-22 13:27:52.000000', 'SARA1'),
(8005431, 7716356, 'SARA', '1', 'SARA', 'SR95.1', 'YES', NULL, NULL, 'CFDC8489B0E22711B935885D757F138F', TIMESTAMP '2021-03-22 13:27:52.000000', 'SARA1', TIMESTAMP '2021-03-22 13:27:52.000000', 'SARA1'),
(8005432, 7716357, 'SARA', '1', 'SARA', 'SR96.1', 'YES', NULL, NULL, '9DB5074A906A704C67A39BFBF8903769', TIMESTAMP '2021-03-22 13:27:52.000000', 'SARA1', TIMESTAMP '2021-03-22 13:27:52.000000', 'SARA1')
;